{"1": {"x": -74.17400027276304, "y": 40.691831206401346}, "2": {"x": -73.8312985430223, "y": 40.61674529165962}, "3": {"x": -73.84742223236717, "y": 40.86447368477523}, "4": {"x": -73.97696825691767, "y": 40.7237521415846}, "5": {"x": -74.1884841018494, "y": 40.5526592869455}, "6": {"x": -74.07177055895136, "y": 40.6003241460344}, "7": {"x": -73.91969431946069, "y": 40.76149256216357}, "8": {"x": -73.92308615750753, "y": 40.77855865375051}, "9": {"x": -73.78794887777894, "y": 40.75103502557217}, "24": {"x": -73.96547951516969, "y": 40.80197049389943}, "10": {"x": -73.79098635986963, "y": 40.678953310115126}, "11": {"x": -74.00748815801174, "y": 40.60427284003057}, "12": {"x": -74.01556351255896, "y": 40.70294583498449}, "13": {"x": -74.01607915192932, "y": 40.712038157074325}, "18": {"x": -73.89018328872038, "y": 40.86768245607525}, "25": {"x": -73.9861138221366, "y": 40.68563374132043}, "14": {"x": -74.02989237418785, "y": 40.62483492360798}, "15": {"x": -73.78597227877692, "y": 40.783333047260776}, "22": {"x": -73.99525857986224, "y": 40.61221825780541}, "23": {"x": -74.17088688155263, "y": 40.60644770102753}, "16": {"x": -73.77342181890137, "y": 40.7627383754422}, "17": {"x": -73.94990503507515, "y": 40.69150749488045}, "19": {"x": -73.72665537528708, "y": 40.73548677976316}, "20": {"x": -73.88586748106965, "y": 40.85777967544138}, "21": {"x": -73.98353709672229, "y": 40.60142943983495}, "26": {"x": -73.98866123078288, "y": 40.63094965524528}, "27": {"x": -73.90690832237573, "y": 40.55913327946739}, "28": {"x": -73.80872901637515, "y": 40.71159635794487}, "33": {"x": -73.99525011996624, "y": 40.69579822121108}, "29": {"x": -73.96121676866855, "y": 40.58092197193357}, "31": {"x": -73.87547595053034, "y": 40.85774668091567}, "32": {"x": -73.8649009987672, "y": 40.86400220602342}, "30": {"x": -73.82192695679403, "y": 40.60368744213537}, "34": {"x": -73.97118869233047, "y": 40.70085573851694}, "35": {"x": -73.91025783136135, "y": 40.66400311792576}, "189": {"x": -73.96758681222953, "y": 40.677635389347074}, "36": {"x": -73.91771053131578, "y": 40.70052219951903}, "37": {"x": -73.92224002165717, "y": 40.69499431844189}, "38": {"x": -73.7355542705882, "y": 40.69434146723152}, "39": {"x": -73.89973495669398, "y": 40.6380371391169}, "40": {"x": -73.99595619089148, "y": 40.67919901409689}, "41": {"x": -73.95129200243508, "y": 40.80433394979439}, "45": {"x": -73.99815149899052, "y": 40.71245931177934}, "46": {"x": -73.78198714613207, "y": 40.8490859431395}, "42": {"x": -73.94077166756269, "y": 40.81825786111908}, "43": {"x": -73.96555356545909, "y": 40.7824780997477}, "44": {"x": -74.23353354937669, "y": 40.52549458176385}, "47": {"x": -73.90031590586493, "y": 40.84274917609784}, "48": {"x": -73.98984464313297, "y": 40.76225275531917}, "49": {"x": -73.96236353818357, "y": 40.687967457147224}, "50": {"x": -73.99513522075505, "y": 40.76623772504166}, "51": {"x": -73.82826367307185, "y": 40.87397305492007}, "52": {"x": -73.99672403175197, "y": 40.68665124165587}, "53": {"x": -73.84281349543193, "y": 40.780912355790974}, "54": {"x": -74.00291127745285, "y": 40.687200747337094}, "55": {"x": -73.98794343407204, "y": 40.57696075363768}, "56": {"x": -73.85358156034262, "y": 40.75181936699924}, "58": {"x": -73.82039319252779, "y": 40.84145210068232}, "59": {"x": -73.89498588493979, "y": 40.83855028852771}, "60": {"x": -73.88590003419155, "y": 40.833990477273694}, "61": {"x": -73.9392870586796, "y": 40.67446941826627}, "62": {"x": -73.94878853931498, "y": 40.66654040578542}, "217": {"x": -73.95859684507168, "y": 40.70391644046556}, "63": {"x": -73.87817261050247, "y": 40.683839761950836}, "64": {"x": -73.7393371499285, "y": 40.76061560532133}, "65": {"x": -73.98608600498402, "y": 40.695337529461}, "72": {"x": -73.92225097400488, "y": 40.65236480407721}, "66": {"x": -73.98570161582279, "y": 40.702258938822325}, "67": {"x": -74.01380148744009, "y": 40.619619467834916}, "68": {"x": -73.99991742024713, "y": 40.74842755506553}, "73": {"x": -73.80729418212232, "y": 40.75410888689277}, "69": {"x": -73.91502929553268, "y": 40.83141669708505}, "70": {"x": -73.86839559842018, "y": 40.76335220113299}, "71": {"x": -73.93796627061688, "y": 40.64428817438896}, "79": {"x": -73.98593745682462, "y": 40.72762019590933}, "80": {"x": -73.93679314491884, "y": 40.71536988214334}, "74": {"x": -73.93734560812491, "y": 40.801169480586296}, "85": {"x": -73.95162318261006, "y": 40.64611634689487}, "86": {"x": -73.75524369679562, "y": 40.602432793416256}, "75": {"x": -73.94575026755159, "y": 40.7900107514952}, "76": {"x": -73.876820611272, "y": 40.660935196550334}, "77": {"x": -73.8953641175033, "y": 40.666558939035085}, "78": {"x": -73.88552181587426, "y": 40.84496041014591}, "81": {"x": -73.83664334408307, "y": 40.88093541148923}, "87": {"x": -74.0074959856243, "y": 40.706808451665665}, "82": {"x": -73.87711833280912, "y": 40.73949564677797}, "83": {"x": -73.89217338112857, "y": 40.73832381382581}, "84": {"x": -74.18767433468828, "y": 40.528686446566056}, "88": {"x": -74.01151502922318, "y": 40.70335790323598}, "89": {"x": -73.96096824906374, "y": 40.63790012347356}, "90": {"x": -73.99697141558366, "y": 40.74227862901209}, "91": {"x": -73.93009701219935, "y": 40.6262727633362}, "92": {"x": -73.8288586988426, "y": 40.76110218983414}, "93": {"x": -73.84086726234155, "y": 40.740675872160566}, "94": {"x": -73.89953593442151, "y": 40.85815519618385}, "95": {"x": -73.84766941187523, "y": 40.721432275021115}, "96": {"x": -73.87155842518143, "y": 40.69700061310092}, "97": {"x": -73.97488208618907, "y": 40.69078679421076}, "98": {"x": -73.77725346665991, "y": 40.73446262820074}, "99": {"x": -74.18641851305914, "y": 40.576773635486944}, "100": {"x": -73.9887865991153, "y": 40.75351275872552}, "101": {"x": -73.7110259869124, "y": 40.745993818384065}, "102": {"x": -73.87573576709778, "y": 40.7035456107627}, "103": {"x": -74.01907272636828, "y": 40.68878423861279}, "106": {"x": -73.99064727363124, "y": 40.67351279686059}, "107": {"x": -73.9840521326891, "y": 40.73682405761876}, "108": {"x": -73.98143115020046, "y": 40.5884034652901}, "109": {"x": -74.1508898076054, "y": 40.55186299807688}, "110": {"x": -74.12834244237267, "y": 40.54578031659542}, "111": {"x": -73.99023450433015, "y": 40.65213727041886}, "112": {"x": -73.94954030482208, "y": 40.729506284208625}, "113": {"x": -73.99430477051168, "y": 40.73257907302683}, "114": {"x": -73.9973802602004, "y": 40.72834039137209}, "115": {"x": -74.08783880974951, "y": 40.617971375889034}, "116": {"x": -73.94852173020881, "y": 40.82701265492521}, "117": {"x": -73.78962208250074, "y": 40.594058752814064}, "118": {"x": -74.13297872511689, "y": 40.5865546266261}, "119": {"x": -73.92615723620783, "y": 40.83782699169867}, "120": {"x": -73.93018219742835, "y": 40.84666774830259}, "149": {"x": -73.9481355949412, "y": 40.604913595563595}, "150": {"x": -73.94362872180562, "y": 40.58047327426187}, "121": {"x": -73.80244428186222, "y": 40.72833332297293}, "122": {"x": -73.76113699730601, "y": 40.71063928425084}, "123": {"x": -73.96433367133899, "y": 40.5999542925137}, "124": {"x": -73.84491858438555, "y": 40.65824796123052}, "125": {"x": -74.00748581800949, "y": 40.72629041028099}, "126": {"x": -73.88553752149429, "y": 40.812074458591866}, "127": {"x": -73.91930823586206, "y": 40.86607500072764}, "128": {"x": -73.92436981716108, "y": 40.87237880957344}, "129": {"x": -73.88531724061077, "y": 40.75731206303896}, "134": {"x": -73.8287124659753, "y": 40.708050997987826}, "151": {"x": -73.96816833309241, "y": 40.79796199309985}, "130": {"x": -73.79397965822712, "y": 40.7043687774549}, "139": {"x": -73.74423435166719, "y": 40.677097797908814}, "131": {"x": -73.77610076139933, "y": 40.72065523874939}, "132": {"x": -73.78653298335011, "y": 40.64698489239509}, "133": {"x": -73.97619898951332, "y": 40.64059007067432}, "140": {"x": -73.95473878380491, "y": 40.76548408788963}, "135": {"x": -73.8211959038747, "y": 40.72837768325709}, "136": {"x": -73.90591118270504,